{"coef": [-1.069593280141024, 0.08929760416583468, -0.016445984116634893], "intercept": [2.910902661916668]}