{"mean": [59.75073861267695, 0.4671294701926737, 1.2938500299070164], "scale": [26.916271222958276, 0.4989183583214649, 0.68817440244262]}